0,origin,made_by,name
1,北海道　旭川,高砂酒造㈱,純米吟醸　大雪
2,北海道　旭川,高砂酒造㈱,純米　国士無双
3,北海道　旭川,高砂酒造㈱,特別純米　国士無双　烈
4,北海道　旭川,高砂酒造㈱,純米酒　風のささやき
5,北海道　旭川,高砂酒造㈱,純米酒　法螺吹
6,北海道　旭川,高砂酒造㈱,純米大吟醸　あさひかわ
7,北海道　旭川,高砂酒造㈱,本醸造　国士無双
8,北海道　旭川,高砂酒造㈱,大吟醸酒　国士無双　紅
9,北海道　旭川,高砂酒造㈱,旭神威　大吟醸
10,北海道　旭川,高砂酒造㈱,旭神威　純米大吟醸
11,北海道　旭川,男山㈱,男山　寒酒
12,北海道　旭川,男山㈱,国芳乃名取酒
13,北海道　旭川,男山㈱,男山　純米大吟醸
14,北海道　旭川,男山㈱,男山　復古酒
15,北海道　旭川,合同酒精,特別純米　大雪乃蔵
16,北海道　旭川,合同酒精,純米吟醸　大雪乃蔵　絹雪
17,北海道　旭川,合同酒精,大雪の蔵　本醸造
18,北海道　旭川,合同酒精,北の誉　純米大吟醸
19,北海道　旭川,合同酒精,大吟醸　大雪乃蔵　鳳雪
20,北海道　旭川,合同酒精,純米　東川米　北の誉
21,北海道　旭川,合同酒精,にごり酒　親玉　北の誉
22,北海道　旭川,合同酒精,純米大吟醸　鰊御殿　北の誉
23,北海道　旭川,合同酒精,純米吟醸　大鳳　北の誉
24,北海道　旭川,合同酒精,大吟醸　慶福宝　北の誉
25,北海道　旭川,合同酒精,純米原酒　侍
26,青森県,八戸酒類,五戸のどんぺり
27,青森県,八戸酒類,如空　ふくよか純米
28,青森県,八戸酒類,如空　華想い純米大吟醸
29,青森県,八戸酒類,如空　華想い大吟醸
30,青森県,八戸酒類,如空　純米吟醸酒
31,青森県,八戸酒類,如空　純米酒金ラベル
32,青森県,八戸酒類,如空　大吟醸
33,青森県,八戸酒類,八鶴　大吟醸
34,青森県,八戸酒類,八鶴　華想い純米大吟醸
35,青森県,八戸酒類,八鶴　剛酒
36,青森県,八戸酒類,八鶴　純米吟醸
37,青森県,八戸酒類,八鶴　純米酒
38,青森県,桃川,桃川　純米吟醸
39,青森県,桃川,桃川　大吟醸純米
40,岩手県,喜久盛,taxidriver　タクドラ
41,岩手県,喜久盛,純吟鬼剣舞
42,岩手県,喜久盛,特純鬼剣舞
43,岩手県,赤武酒造,浜娘　純米吟醸酒
44,岩手県,赤武酒造,浜娘　純米酒
45,岩手県,赤武酒造,浜娘　本醸造
46,岩手県,赤武酒造,浜娘　しぼりたて
47,岩手県,桜顔酒造,純米吟醸 銀河鉄道の夜
48,岩手県,桜顔酒造,純米大吟醸 飛天抄 
49,岩手県,桜顔酒造,南部の雫 大吟醸 
50,岩手県,桜顔酒造,南部の雫 純米大吟醸 
51,岩手県,桜顔酒造,特別本醸造　桜顔
52,岩手県,桜顔酒造,桜顔　特別純米酒五割五分 
53,秋田県　由利本荘,斎弥酒造,雪の茅舎　山廃本醸造
54,秋田県　由利本荘,斎弥酒造,雪の茅舎　山廃純米
55,秋田県　由利本荘,斎弥酒造,雪の茅舎　秘伝山廃純米吟醸
56,秋田県　由利本荘,斎弥酒造,雪の茅舎　純米吟醸
57,秋田県　由利本荘,斎弥酒造,雪の茅舎　大吟醸
58,秋田県　由利本荘,斎弥酒造,雪の茅舎　純米大吟醸
59,秋田県,阿桜,阿櫻　純米　超旨辛口　　ＡＫ
60,秋田県　湯沢,秋田銘醸㈱,純米大吟醸　唐獅子
61,秋田県　湯沢,秋田銘醸㈱,大吟醸　牡丹
62,秋田県　湯沢,秋田銘醸㈱,きもと特醸原酒
63,秋田県　湯沢,秋田銘醸㈱,むかしながらのにごり酒
64,秋田県　湯沢,秋田銘醸㈱,花爛漫
65,秋田県　湯沢,秋田銘醸㈱,花爛漫小町
66,秋田県　湯沢,秋田銘醸㈱,吟醸生貯
67,秋田県　湯沢,秋田銘醸㈱,原酒湯沢
68,秋田県　湯沢,秋田銘醸㈱,祝美酒
69,秋田県　湯沢,秋田銘醸㈱,美酒爛漫　特別純米
70,秋田県　湯沢,秋田銘醸㈱,爛漫　普通酒
71,秋田県　湯沢,秋田銘醸㈱,爛漫　本醸造
72,秋田県　湯沢,秋田銘醸㈱,とびっきり自然な純米酒
73,秋田県　湯沢,秋田銘醸㈱,冷涼爛漫
74,秋田県　湯沢,秋田銘醸㈱,香り爛漫　純米大吟醸
75,秋田県　湯沢,秋田銘醸㈱,香り爛漫　純米吟醸
76,秋田県　湯沢,秋田銘醸㈱,香り爛漫　純米
77,秋田県　湯沢,秋田銘醸㈱,生もと純米吟醸
78,秋田県　湯沢,秋田銘醸㈱,純米　ふなおろし
79,秋田県　湯沢,秋田銘醸㈱,純米酒　まなぐ凧
80,秋田県　湯沢,秋田銘醸㈱,純米吟醸　まなぐ凧
81,秋田県　湯沢,秋田銘醸㈱,秋田純醸純米酒　登仙郷
82,秋田県　湯沢,秋田銘醸㈱,本醸造名水仕込み　宇留院内
83,秋田県　潟上,小玉醸造,大平山　純米秋田きもと
84,秋田県　潟上,小玉醸造,きもと純米　神月
85,秋田県　潟上,小玉醸造,純米吟醸　澄月
86,秋田県　潟上,小玉醸造,純米大吟醸　神月
87,秋田県　潟上,小玉醸造,大平山　純米大吟醸　天巧
88,秋田県　潟上,小玉醸造,Peaceful Mountain Junmai Ginjo
89,秋田県　潟上,小玉醸造,Peaceful Mountain Junmai
90,秋田県　潟上,小玉醸造,太平山　純米大吟醸　天巧５０
91,秋田県　潟上,小玉醸造,太平山　生酛純米無濾過生　別誂
92,秋田県　潟上,小玉醸造,太平山　生酛純米無濾過生
93,秋田県　潟上,小玉醸造,太平山　純米酒　艸月　別誂
94,秋田県　潟上,小玉醸造,太平山　本醸造しぼりたて生原酒
95,秋田県　潟上,小玉醸造,太平山　純米秋田生酛にごり生酒
96,秋田県　潟上,小玉醸造,太平山　ひやおろし　艸月　別誂
97,秋田県　潟上,小玉醸造,太平山　純米吟醸　神月　五百万石
98,秋田県　潟上,小玉醸造,大平山　天功　無濾過生
99,秋田県　潟上,小玉醸造,月に雁
100,秋田県　潟上,小玉醸造,大平山　別誂　山田錦
101,秋田県　潟上,小玉醸造,大平山　別誂　秋田酒こまち
102,秋田県　潟上,小玉醸造,大平山　別誂　美山錦
103,秋田県　潟上,小玉醸造,大平山　別誂　白神仕込
104,秋田県　潟上,小玉醸造,太平山　大吟醸壽保年
105,秋田県　潟上,小玉醸造,銀紋　大平山
106,秋田県　潟上,小玉醸造,大平山　辛口
107,秋田県　潟上,小玉醸造,大平山　きもと本醸造
108,秋田県　潟上,小玉醸造,游神　純米大吟醸
109,秋田県　潟上,小玉醸造,全国新酒鑑評会金賞受賞酒
110,秋田県　潟上,小玉醸造,純米吟醸　神月
111,秋田県　潟上,小玉醸造,津月
112,秋田県　潟上,小玉醸造,津月　無濾過生
113,秋田県,北鹿,北秋田　純米大吟醸
114,秋田県,北鹿,北秋田　大吟醸
115,秋田県　湯沢,木村酒造㈱,福小町　純米吟醸
116,秋田県　湯沢,木村酒造㈱,福小町　純米辛口
117,秋田県　湯沢,木村酒造㈱,福小町　純米大吟醸
118,秋田県　湯沢,木村酒造㈱,福小町　大吟醸
119,秋田県　湯沢,木村酒造㈱,福小町　本醸造
120,秋田県　湯沢,両関酒造㈱,純米吟醸　雪月花
121,秋田県　湯沢,両関酒造㈱,純米大吟醸　雪月花
122,秋田県　湯沢,両関酒造㈱,大吟醸原酒　雪月花
123,秋田県　湯沢,両関酒造㈱,特別純米　雪月花
124,秋田県　湯沢,両関酒造㈱,両関　純米酒
125,秋田県,秋田酒類製造,高清水　大吟醸　嘉兆
126,秋田県,秋田酒類製造,純米大吟醸　高清水
127,秋田県,秋田酒類製造,高清水　初しぼり
128,秋田県,秋田酒類製造,高清水　酒乃国純米酒
129,秋田県,秋田酒類製造,高清水　本醸造　上撰辛口
130,秋田県,秋田酒類製造,高清水　無濾過純米
131,秋田県,秋田酒類製造,高清水　精選
132,宮城県　気仙沼,㈱角星,金紋両国　純米大吟醸　亀鶴
133,宮城県　気仙沼,㈱角星,金紋両国　大吟醸　喜祥
134,宮城県　気仙沼,㈱角星,金紋両国　特別純米　舩尾灯
135,宮城県　気仙沼,㈱角星,金紋両国　特別本醸造　別格
136,宮城県　気仙沼,㈱角星,金紋両国　特別純米　別格
137,宮城県　気仙沼,㈱角星,金紋両国　本醸造
138,宮城県,男山本店,蒼天伝　蔵の華　純米
139,宮城県,男山本店,蒼天伝　特別本醸造
140,宮城県,男山本店,蒼天伝　大吟醸
141,宮城県,男山本店,蒼天伝　特別純米
142,宮城県,男山本店,陸前男山　吟醸酒
143,宮城県,佐浦,浦霞　生一本
144,宮城県,佐浦,浦霞　純米酒
145,宮城県,佐浦,浦霞　からくち
146,宮城県,佐浦,浦霞　本仕込み
147,宮城県,佐浦,浦霞  禅  純米吟醸酒
148,宮城県,佐浦,鳳陽　純米大吟醸
149,宮城県,佐浦,鳳陽　純米
150,宮城県,一ノ蔵,一ノ蔵　特別純米辛口
151,宮城県,一ノ蔵,一ノ蔵　無鑑査本醸造辛口
152,宮城県,一ノ蔵,一ノ蔵　すず音
153,宮城県,一ノ蔵,一ノ蔵　たる酒
154,山形県　鶴岡,富士酒造㈱,大吟醸　古酒屋のひとりよがり
155,山形県　鶴岡,富士酒造㈱,純米吟醸　雪の降る町を
156,山形県　鶴岡,富士酒造㈱,純米吟醸　心鍵
157,山形県　鶴岡,富士酒造㈱,栄光富士　純米吟醸　朝顔ラベル
158,山形県　鶴岡,富士酒造㈱,栄光富士　本醸造辛口
159,山形県,千代寿,出羽の里千代寿　特別純米
160,山形県,月山酒造,銀嶺月山　純米
161,山形県,月山酒造,銀嶺月山　本醸造 
162,山形県,和田酒造,あら玉 改良信交 特別純米
163,山形県,出羽桜酒造,出羽桜　桜花吟醸
164,山形県,出羽桜酒造,出羽桜　一耕
165,山形県,出羽桜酒造,出羽桜　出羽燦々　誕生記念酒　本生
166,山形県　南陽市,東の麓酒造,つや姫　なんどでも
167,山形県　南陽市,東の麓酒造,純米大吟醸　東の麓　出羽燦々
168,山形県　南陽市,東の麓酒造,東の麓　特別純米酒　山田錦100％
169,山形県　南陽市,東の麓酒造,東の麓　純米吟醸　山形セレクション
170,山形県　南陽市,東の麓酒造,純米大吟醸　龍龍龍龍（てつ）
171,山形県　東根,六歌仙,六歌仙　純米超辛口
172,山形県　東根,六歌仙,六歌仙　五段仕込純米
173,山形県　東根,六歌仙,手間暇　純米大吟醸
174,山形県　東根,六歌仙,手間暇　大吟醸
175,山形県　東根,六歌仙,ひととき　純米
176,山形県,加藤嘉八郎商店,大山 特別純米酒　７２０ｍｌ
177,山形県,東北銘醸,初孫　純米本辛口　摩斬　７２０ｍｌ
178,山形県,小嶋総本店,純米大吟醸袋吊り
179,山形県,小嶋総本店,大吟醸袋吊り
180,山形県,小嶋総本店,大吟醸　山田錦
181,山形県,小嶋総本店,純米大吟醸　山田錦
182,山形県,小嶋総本店,大吟醸　左唎き
183,山形県,小嶋総本店,辛口純米大吟醸　美山錦
184,山形県,小嶋総本店,純米吟醸  出羽燦々
185,山形県,小嶋総本店,東光　出羽の里純米吟醸原酒　山形セレクション
186,山形県,小嶋総本店,東光　純米吟醸原酒
187,山形県,小嶋総本店,東光　吟醸
188,山形県,小嶋総本店,東光　純米
189,山形県,小嶋総本店,東光　限定　純米吟醸　(ひやおろし)
190,山形県,小嶋総本店,東光　季節限定　純米酒　(花見酒)
191,山形県,小嶋総本店,東光　季節限定　純米原酒　(夏酒)
192,山形県,小嶋総本店,東光　純米生原酒　(しぼりたて)
193,山形県,渡会本店,出羽ノ雪　大吟醸　酒のいのち
194,山形県,渡会本店,出羽ノ雪　純米大吟醸　酒のいのち
195,山形県,渡会本店,出羽ノ雪　純米大吟醸　壺中之天
196,山形県,渡会本店,出羽ノ雪　純米大吟醸　工藤吉郎兵衛
197,山形県,渡会本店,出羽ノ雪　純米大吟醸　祇王祇女
198,山形県,渡会本店,出羽ノ雪　吟醸　六十里越街道
199,山形県,渡会本店,出羽ノ雪　発泡酒　出泡羽酒
200,山形県,渡会本店,出羽ノ雪　純米吟醸　花鳥風月
201,山形県,渡会本店,出羽ノ雪　大吟醸
202,山形県,渡会本店,出羽ノ雪　貴醸酒　特別純米　和田来　出羽の里
203,山形県,渡会本店,出羽の雪　自然酒
204,山形県,渡会本店,出羽ノ雪　夢ボトル
205,山形県,渡会本店,出羽ノ雪　きもと純米　庄内美人
206,山形県,渡会本店,出羽ノ雪　貴醸酒
207,福島県　会津,花春酒造㈱,花春　純米大吟醸
208,福島県　会津,花春酒造㈱,花春　大吟醸
209,福島県　会津,花春酒造㈱,花春　純米吟醸
210,福島県　会津,花春酒造㈱,花春　吟醸
211,福島県　会津,花春酒造㈱,花春　濃醇純米
212,福島県　会津,花春酒造㈱,花春　甘口純米酒
213,福島県　会津,花春酒造㈱,花春　辛口純米酒
214,福島県,人気酒造,人気一　ゴールド人気　純米大吟醸
215,福島県,人気酒造,人気一　黒人気　純米吟醸
216,福島県,人気酒造,人気一　青人気　吟醸
217,福島県,人気酒造,人気一　黄人気　旨辛口
218,福島県,人気酒造,人気一　大吟醸
219,福島県,人気酒造,人気一　純米原酒
220,福島県,人気酒造,人気一　燗酒スペシャル
221,福島県,廣木酒造,飛露喜　純米大吟醸
222,福島県,奥の松,奥の松　純米大吟醸
223,福島県,奥の松,奥の松  特別 純米
224,福島県,奥の松,奥の松  純米吟醸
225,福島県,奥の松,奥の松  遊佐  純米吟醸  
226,福島県,奥の松,奥の松  辛口原酒  
227,福島県,大七酒造,大七　純米生もと
228,福島県,末廣酒造,末廣　大吟醸　舞
229,福島県,末廣酒造,末広 純米吟醸 
230,福島県,笹の川,純米大吟醸原酒　開成
231,福島県,笹の川,大吟醸原酒　開成
232,福島県,笹の川,辛口純米大吟醸原酒　五百万石
233,福島県,笹の川,特別純米　山桜
234,福島県,笹の川,天のつぶ　昔仕立て純米酒
235,福島県,笹の川,笹の川　純米酒
236,福島県,笹の川,笹の川　吟醸酒
237,群馬県　甘楽,聖徳銘醸,鳳凰聖徳　純米吟醸
238,群馬県　甘楽,聖徳銘醸,鳳凰聖徳　吟醸無濾過生原酒
239,群馬県　甘楽,聖徳銘醸,鳳凰聖徳　大吟醸　金賞受賞酒
240,群馬県　甘楽,聖徳銘醸,鳳凰聖徳　吟醸
241,群馬県　甘楽,聖徳銘醸,鳳凰聖徳　特別純米
242,群馬県　甘楽,聖徳銘醸,鳳凰聖徳　特別本醸造
243,群馬県　甘楽,聖徳銘醸,妙義山　本醸造
244,群馬県　甘楽,聖徳銘醸,聖徳　城下町小幡　純米吟醸
245,群馬県　甘楽,聖徳銘醸,聖徳　特別純米富岡製糸場
246,群馬県　甘楽,聖徳銘醸,清酒　鳳凰聖徳
247,群馬県　甘楽,聖徳銘醸,聖徳　大吟醸
248,栃木県　益子,外池酒造,燦爛　大吟醸雫酒
249,栃木県　益子,外池酒造,燦爛　純米大吟醸
250,栃木県　益子,外池酒造,燦爛　大吟醸
251,栃木県　益子,外池酒造,燦爛　純米吟醸
252,栃木県　益子,外池酒造,燦爛　吟醸
253,栃木県　下野,井上清吉商店,澤姫　若人醸酒　特別本醸造
254,栃木県　下野,井上清吉商店,澤姫　ひやおろし
255,栃木県　下野,井上清吉商店,澤姫　きもと純米　真・地酒宣言
256,栃木県　下野,井上清吉商店,澤姫　山廃純米　真・地酒宣言
257,栃木県　下野,井上清吉商店,澤姫　純米吟醸　真・地酒宣言
258,栃木県　下野,井上清吉商店,澤姫　大吟醸　真・地酒宣言
259,栃木県　下野,井上清吉商店,澤姫　下野純米大吟醸
260,栃木県,西堀酒造,奥座敷　辛口
261,栃木県,西堀酒造,吟醸酒「歩」　奥座敷　
262,栃木県,西堀酒造,白紋・門外不出　純米吟醸
263,栃木県,西堀酒造,ミラクルわかざかり　純米酒
264,茨城県　那珂,木内酒造,菊盛　純米酒　純
265,茨城県　那珂,木内酒造,菊盛　山廃原酒
266,茨城県　那珂,木内酒造,菊盛　純米吟醸
267,茨城県　那珂,木内酒造,菊盛　純米樽酒
268,茨城県　那珂,木内酒造,菊盛　純米吟造り
269,茨城県　那珂,木内酒造,菊盛　大吟醸
270,茨城県　那珂,木内酒造,菊盛　純米大吟醸古酒　月下香
271,埼玉県,小山本家酒造,世界鷹　吟醸50
272,埼玉県,小山本家酒造,世界鷹　純米吟醸
273,埼玉県,釜屋,特別純米酒　生酛仕込み
274,埼玉県,釜屋,力士　純米酒
275,埼玉県,釜屋,純米酒　釜屋久左衛門
276,埼玉県,釜屋,純米酒　釜屋樽酒久左衛門
277,埼玉県,釜屋,特別本醸造　宇
278,埼玉県,釜屋,力士　金撰本醸造
279,埼玉県,釜屋,力士　にごり酒
280,東京都　赤羽,小山酒造,丸眞正宗　ぎんから
281,東京都　赤羽,小山酒造,丸眞正宗　吟醸辛口
282,東京都　赤羽,小山酒造,丸眞正宗　純米吟醸
283,東京都　赤羽,小山酒造,江戸の鬼ころし
284,東京都　赤羽,小山酒造,丸眞正宗　本格辛口
285,東京都　青梅,小澤酒造,澤乃井　純米本地酒
286,東京都　青梅,小澤酒造,澤乃井　奥多摩湧水仕込
287,東京都　青梅,小澤酒造,澤乃井　特別純米
288,東京都　青梅,小澤酒造,澤乃井　本醸造　大辛口
289,東京都　青梅,小澤酒造,澤乃井　純米　大辛口
290,東京都　青梅,小澤酒造,澤乃井　大吟醸　凰
291,東京都　青梅,小澤酒造,澤乃井　純米大吟醸
292,東京都　青梅,小澤酒造,澤乃井　芳醸参拾伍
293,東京都　青梅,小澤酒造,澤乃井　蒼天
294,東京都　青梅,小澤酒造,澤乃井　大吟醸
295,東京都　福生,石川酒造,多満自慢　上撰　本醸造
296,東京都　福生,石川酒造,多満自慢　大吟醸
297,東京都　福生,石川酒造,多満自慢　大吟醸　しずく
298,東京都　福生,石川酒造,多満自慢　純米無濾過
299,東京都　福生,石川酒造,多満自慢　山廃仕込　純米原酒
300,東京都　福生,石川酒造,多満自慢　たまの八重桜
301,東京都　福生,石川酒造,多満自慢　東京の森
302,東京都　福生,石川酒造,多満自慢　淡麗純米
303,東京都　福生,石川酒造,多満自慢　淡麗吟醸
304,東京都　福生,石川酒造,多満自慢　淡麗純米大吟醸
305,東京都　福生,石川酒造,多満自慢　純米大吟醸　たまの慶
306,東京都　福生,石川酒造,多満自慢　純米大吟醸
307,東京都　福生,石川酒造,佳撰　多満自慢
308,東京都　福生,石川酒造,佳撰　多満自慢　辛口白ラベル
309,東京都　福生,石川酒造,あらばしり生酒
310,東京都　福生,石川酒造,ささにごり生酒　純米大吟醸
311,東京都　福生,石川酒造,冷やし辛口　生貯蔵
312,東京都　福生,石川酒造,多満自慢　ひやおろし
313,東京都　あきる野,中村酒造,千代鶴　純米大吟醸
314,東京都　あきる野,中村酒造,千代鶴　大吟醸
315,東京都　あきる野,中村酒造,千代鶴　純米吟醸
316,東京都　あきる野,中村酒造,千代鶴　吟醸辛口
317,東京都　あきる野,中村酒造,千代鶴　特別純米　奥多摩
318,東京都　あきる野,中村酒造,千代鶴　特別純米　甘口
319,東京都　あきる野,中村酒造,千代鶴　特別純米
320,東京都　あきる野,中村酒造,千代鶴　お燗酒湯っ蔵
321,東京都　あきる野,中村酒造,千代鶴　本醸造樽酒
322,東京都　あきる野,中村酒造,千代鶴　本醸造辛口
323,東京都　あきる野,中村酒造,千代鶴　超辛口
324,東京都　あきる野,中村酒造,高尾山　純米
325,東京都　あきる野,中村酒造,高尾山　本醸造
326,東京都　福生,田村酒造場,嘉泉　特別本醸造　幻の酒
327,東京都　福生,田村酒造場,嘉泉　特別純米　幻の酒
328,東京都　福生,田村酒造場,嘉泉　純米吟醸
329,東京都　福生,田村酒造場,嘉泉　純米大吟醸
330,東京都　福生,田村酒造場,嘉泉　東京和醸
331,神奈川県,大矢孝酒造,雑草蓬莱
332,神奈川県,黄金井酒造,盛升
333,千葉県　酒々井,飯沼本家,甲子　純米　磨き八割
334,千葉県　酒々井,飯沼本家,甲子　純米
335,千葉県　酒々井,飯沼本家,甲子　吟醸辛口
336,千葉県　酒々井,飯沼本家,甲子　純米吟醸
337,千葉県　酒々井,飯沼本家,純米大吟醸　きのえね
338,千葉県,梅一輪酒造,鑑評会出品酒　大吟醸　梅一輪
339,千葉県,梅一輪酒造,大吟醸　梅一輪
340,千葉県,梅一輪酒造,大吟醸　九十九里
341,千葉県,梅一輪酒造,冬の月と梅の花
342,千葉県,梅一輪酒造,純米大吟醸　梅一輪
343,千葉県,梅一輪酒造,吟醸純米　梅一輪
344,千葉県,梅一輪酒造,吟醸辛口　梅一輪
345,千葉県,梅一輪酒造,純米酒　梅一輪
346,千葉県,梅一輪酒造,純米辛口　梅一輪
347,千葉県,梅一輪酒造,原酒　梅一輪
348,千葉県,梅一輪酒造,辛口如水　梅一輪
349,千葉県,梅一輪酒造,上撰　梅一輪
350,千葉県,梅一輪酒造,上撰　大辛口　梅一輪
351,千葉県,梅一輪酒造,生貯蔵酒　梅一輪
352,千葉県,梅一輪酒造,佳撰　梅一輪
353,静岡県,花の舞,花の舞　山田錦　純米吟醸 
354,静岡県,花の舞,花の舞　超辛口　純米酒
355,静岡県,花の舞,花の舞　純米吟醸熟成酒
356,静岡県,花の舞,花の舞　純米吟醸生原酒
357,静岡県,花の舞,花の舞　限定純米大吟醸
358,静岡県,花の舞,花の舞　純米大吟醸　秘造り
359,静岡県,花の舞,花の舞　吟醸　花ラベル
360,静岡県,花の舞,花の舞　大吟醸　黒瓶
361,静岡県,花の舞,花の舞誉富士純米酒　世界遺産富士山
362,静岡県,花の舞,花の舞　辛口純米　にごり原酒
363,新潟県,越後酒造,越乃八豊　越後の甘口
364,新潟県,越後酒造,越乃八豊　越後の辛口
365,新潟県,越後酒造,純米酒甘雨
366,新潟県,越後酒造,越乃八豊　本醸造
367,新潟県,越後酒造,越乃八豊　純米酒
368,新潟県,越後酒造,越乃八豊　大吟醸
369,新潟県,越後酒造,純米　野積杜氏
370,新潟県,越後酒造,本醸造　野積杜氏
371,新潟県,原酒造,越の誉　吟醸　彩
372,新潟県,原酒造,越の誉　大辛口
373,新潟県新発田,菊水酒造,菊水の辛口
374,新潟県新発田,菊水酒造,菊水の純米酒
375,新潟県新発田,菊水酒造,菊水の四段仕込
376,新潟県新発田,菊水酒造,無冠帝
377,新潟県新発田,菊水酒造,ふなぐち　菊水　一番搾り
378,新潟県新発田,菊水酒造,菊水純米吟醸ひやおろし
379,新潟県新発田,菊水酒造,五郎八
380,新潟県新発田,菊水酒造,節五郎出品酒
381,新潟県新発田,菊水酒造,白キャップ
382,新潟県新発田,菊水酒造,Style Bottle
383,新潟県　魚沼,玉川酒造,イットキー　純米吟醸
384,新潟県　魚沼,玉川酒造,純米吟醸　越乃雪蔵
385,新潟県　魚沼,玉川酒造,にごり酒　守門の雪
386,新潟県　魚沼,玉川酒造,スパークリングゆきくら　大吟醸発泡酒
387,新潟県　魚沼,玉川酒造,純米大吟醸　目黒五郎助
388,新潟県,吉乃川,吉乃川  厳選辛口
389,新潟県,吉乃川,吉乃川　大吟醸
390,新潟県,吉乃川,吟醸　極上吉乃川
391,新潟県,越後鶴亀,越後鶴亀　純米
392,新潟県,越後鶴亀,越後鶴亀　特醸純米大吟醸
393,新潟県,石本酒造,越乃寒梅　白ラベル
394,新潟県,丸山酒造,雪中梅　普通酒
395,新潟県村上,大洋酒造,特別本醸造　大洋盛
396,新潟県村上,大洋酒造,特別本醸造　越乃松露
397,新潟県村上,大洋酒造,大吟醸
398,新潟県村上,大洋酒造,純米大吟醸
399,新潟県村上,大洋酒造,越の魂　吟醸
400,新潟県村上,大洋酒造,特別純米　大洋盛
401,新潟県村上,大洋酒造,純米吟醸　大洋盛
402,新潟県村上,大洋酒造,大吟醸　越後流
403,新潟県村上,大洋酒造,北翔　普通酒
404,新潟県村上,大洋酒造,北翔　純米吟醸
405,新潟県南魚沼,白瀧酒造,湊屋藤助　純米大吟醸
406,新潟県南魚沼,白瀧酒造,上善如水　純米大吟醸
407,新潟県南魚沼,白瀧酒造,上善如水　純米吟醸
408,新潟県南魚沼,白瀧酒造,スパークリング
409,新潟県南魚沼,白瀧酒造,熟成の上善如水　純米吟醸
410,新潟県南魚沼,白瀧酒造,ロック酒の上善如水　純米
411,新潟県南魚沼,白瀧酒造,辛口魚沼
412,新潟県南魚沼,白瀧酒造,淡麗魚沼
413,新潟県南魚沼,白瀧酒造,濃厚魚沼
414,新潟県南魚沼,白瀧酒造,白瀧　純米
415,新潟県　阿賀野,白龍酒造,本醸造　白龍
416,新潟県　阿賀野,白龍酒造,白龍　純米越後杜氏
417,新潟県　阿賀野,白龍酒造,吟醸　白龍
418,新潟県　阿賀野,白龍酒造,大吟醸　白龍
419,新潟県　阿賀野,白龍酒造,純米大吟醸　白龍
420,新潟県　阿賀野,白龍酒造,笹屋茂左衛門
421,新潟県　阿賀野,白龍酒造,からくち白龍
422,新潟県　阿賀野,白龍酒造,吟醸生酒
423,新潟県　阿賀野,白龍酒造,白龍　越の梅酒
424,新潟県　阿賀野,白龍酒造,純米吟醸白龍
425,新潟県　阿賀野,白龍酒造,白龍本醸造純金酒
426,新潟県　阿賀野,白龍酒造,爛
427,新潟県,妙高酒造,本格辛口　無糖加　越後おやじ
428,新潟県,妙高酒造,特別純米　本格辛口　越後おやじ
429,新潟県,妙高酒造,特別純米　妙高山
430,新潟県,妙高酒造,大吟醸　妙高山　三割五分
431,新潟県,妙高酒造,純米大吟醸　妙高山
432,新潟県,妙高酒造,ジョイ・ド・プーレ
433,新潟県,妙高酒造,フォレ・ドゥ・フリ
434,新潟県,妙高酒造,本醸造　妙高山
435,新潟県,妙高酒造,無糖加　越後おやじ
436,新潟県,塩川酒造,Cowboy 山廃純米吟醸原酒
437,新潟県,塩川酒造,Fisherman 速醸純米吟醸
438,新潟県,塩川酒造,Cowboy　テンダー 山廃純米吟醸
439,新潟県,塩川酒造,Fisherman　Deep 速醸純米吟醸
440,新潟県,越後伝衛門,純米大吟醸　文
441,新潟県,越後伝衛門,搾ったまんまの伝衛門
442,新潟県,越後桜,越後桜　純米大吟醸
443,新潟県,越後桜,越後桜　大吟醸
444,新潟県,八海醸造,八海山　純米吟醸
445,新潟県,八海醸造,八海山　吟醸
446,新潟県,八海醸造,八海山　特別本醸造
447,新潟県,八海醸造,八海山　普通酒
448,新潟県,八海醸造,八海山　しぼりたて原酒　青　越後で候
449,新潟県,八海醸造,八海山　純米吟醸　雪室貯蔵三年
450,新潟県,青木酒造,鶴齢　純米吟醸　
451,新潟県,青木酒造,鶴齢　本醸造
452,新潟県,青木酒造,鶴齢　純米酒　
453,新潟県,宮尾酒造,〆張鶴　月　本醸造
454,新潟県　長岡市,朝日酒造,久保田　百寿
455,新潟県　長岡市,朝日酒造,久保田　千寿
456,新潟県　長岡市,朝日酒造,久保田　紅寿
457,新潟県　長岡市,朝日酒造,久保田　碧寿
458,新潟県　長岡市,朝日酒造,久保田　純米大吟醸　30周年記念
459,新潟県　長岡市,朝日酒造,久保田　萬寿
460,新潟県　長岡市,朝日酒造,越乃かぎろひ 百寿
461,富山県,皇国晴酒造,幻の瀧　名水の蔵　特別純米
462,富山県,皇国晴酒造,幻の瀧　つらら
463,富山県,皇国晴酒造,幻の瀧　純米吟醸
464,富山県,皇国晴酒造,幻の瀧　大吟醸
465,富山県,皇国晴酒造,幻の瀧　大吟醸　奥秘峡
466,富山県,皇国晴酒造,幻の瀧　熟成三年
467,富山県,皇国晴酒造,幻の瀧　ひやおろし
468,富山県,皇国晴酒造,幻の瀧　しぼりたて純米
469,富山県,皇国晴酒造,幻の瀧　しぼりたて大吟醸
470,富山県,皇国晴酒造,幻の瀧　飛雪　大吟醸
471,富山県,富美菊酒造,富美菊　特別純米
472,富山県,富美菊酒造,富美菊　大吟醸
473,富山県,富美菊酒造,富美菊　大吟醸　袋取り斗瓶囲い
474,富山県,立山酒造,立山  特別本醸造
475,富山県,銀盤酒造,純米大吟醸　原酒　米の芯
476,富山県,銀盤酒造,純米大吟醸　米の芯
477,富山県,銀盤酒造,超特撰　大吟醸
478,富山県,銀盤酒造,純米大吟醸 <備前50>
479,富山県,銀盤酒造,純米大吟醸 <播州50>
480,富山県,銀盤酒造,純米大吟醸 <越中50> 
481,富山県,銀盤酒造,純米吟醸 剱岳 ﾊﾀﾞｶ
482,富山県,銀盤酒造,特別純米 剱岳 ﾊﾀﾞｶ
483,富山県,銀盤酒造,特別本醸造 剱岳ﾊﾀﾞｶ
484,石川県　加賀,鹿野酒造,常きげん　山廃純米
485,石川県　加賀,鹿野酒造,常きげん　山廃純米吟醸
486,石川県　加賀,鹿野酒造,常きげん　純米
487,石川県　加賀,鹿野酒造,常きげん　幻の加賀の庄
488,石川県　加賀,鹿野酒造,KiｓｓOfFire
489,石川県,車多酒造,天狗舞　山廃純米
490,石川県,中村酒造,加賀雪梅　純米
491,石川県,菊姫,菊姫　山廃純米酒
492,石川県,菊姫,菊姫　山廃吟醸
493,石川県,菊姫,菊姫　吟醸加陽菊酒
494,福井県　福井,田嶋酒造,福千歳　福　山廃純米大吟醸
495,福井県　福井,田嶋酒造,福千歳　徳　山廃純米吟醸
496,福井県　福井,田嶋酒造,圓　山廃純米
497,福井県　福井,田嶋酒造,満　山廃本醸造
498,福井県　福井,田嶋酒造,福を呼ぶ酒
499,福井県,黒龍,黒龍　大吟醸
500,福井県,黒龍,いっちょらい
501,岐阜県　飛騨,渡辺酒造店,小町桜
502,岐阜県　飛騨,渡辺酒造店,天才杜氏の入魂酒
503,岐阜県　飛騨,渡辺酒造店,ガリガリ氷原酒
504,岐阜県　飛騨,渡辺酒造店,上撰　蓬莱
505,岐阜県　飛騨,渡辺酒造店,飛騨の田んぼ
506,岐阜県　飛騨,渡辺酒造店,蓬莱　伝統辛口
507,岐阜県　飛騨,渡辺酒造店,蓬莱　家伝手作り
508,岐阜県　飛騨,渡辺酒造店,色おとこ　純米大吟醸
509,岐阜県　飛騨,渡辺酒造店,蓬莱　家宝伝承酒　赤磐セブン 
510,岐阜県　飛騨,渡辺酒造店,純米大吟醸　極意傳
511,岐阜県　飛騨,渡辺酒造店,蓬莱　愛山
512,岐阜県　飛騨,渡辺酒造店,蓬莱　超吟しずく
513,岐阜県　飛騨,渡辺酒造店,超ドS
514,岐阜県　飛騨,渡辺酒造店,蔵元の隠し酒　番外品
515,岐阜県　飛騨,渡辺酒造店,飛騨のどぶ
516,岐阜県　飛騨,渡辺酒造店,無修正の酒
517,岐阜県　飛騨,渡辺酒造店,どぶの上澄み
518,岐阜県　飛騨,渡辺酒造店,ひやおろし
519,岐阜県,天領酒造,本醸造　喜金
520,岐阜県,天領酒造,大吟醸　天禄拝領
521,岐阜県,天領酒造,天領　純米
522,岐阜県,天領酒造,天領　純米吟醸ひだほまれ
523,岐阜県,天領酒造,純米大吟醸　天禄拝領
524,岐阜県,天領酒造,天領　大吟醸　吟
525,岐阜県,天領酒造,天領　大吟醸山田錦
526,岐阜県,天領酒造,天領　大吟醸ひだほまれ
527,岐阜県,天領酒造,天領　特別純米　飛切り
528,岐阜県,天領酒造,天領　岐阜九蔵　純米大吟醸
529,岐阜県,玉泉酒造,美濃菊隠し大吟醸
530,岐阜県,玉泉酒造,美濃菊純米大吟醸飛騨誉
531,岐阜県,玉泉酒造,美濃菊純米飛騨誉
532,山梨県,八巻酒造,甲斐男山　純米
533,長野県,黒澤酒造,雪国　大吟醸
534,長野県,黒澤酒造,雪國　特別純米酒　
535,長野県,黒澤酒造,雪國　特別本醸造
536,長野県,黒澤酒造,マルト　純米酒　生もと造り
537,長野県,黒松仙醸,黒松仙醸　だるま市しぼり
538,長野県,黒松仙醸,黒松仙醸　純米酒 
539,長野県,黒松仙醸,黒松仙醸　純米　ひやおろし
540,長野県,黒松仙醸,黒松仙醸　純米直汲み生原酒
541,長野県,黒松仙醸,黒松仙醸　辛口純米　
542,長野県,黒松仙醸,黒松仙醸　純米無濾過原酒 
543,長野県,黒松仙醸,黒松仙醸　純米吟醸  
544,長野県,黒松仙醸,黒松仙醸　純米吟醸　金紋錦 55　
545,長野県,黒松仙醸,黒松仙醸 純大吟 直汲み生原酒 
546,長野県,黒松仙醸,黒松仙醸　純米大吟醸　ﾌﾟﾛﾄﾀｲﾌﾟ
547,長野県,七笑酒造,木曽の米から造った純米酒
548,長野県,七笑酒造,七笑　特別純米
549,長野県,七笑酒造,七笑　大吟醸
550,長野県,七笑酒造,七笑　純米吟醸
551,長野県,七笑酒造,七笑　吟醸
552,長野県,七笑酒造,七笑　木曽路の女
553,長野県,七笑酒造,七笑　ひやおろし
554,長野県,七笑酒造,七笑　純米
555,長野県,酒千蔵野,川中島　特別純米
556,長野県,宮坂醸造,真澄 純米  奥伝寒造り
557,長野県,宮坂醸造,特撰　真澄　本醸造
558,長野県,遠藤酒造場,渓流　大吟醸しずく
559,長野県,土屋酒造,亀の海　大吟醸山田錦
560,長野県,土屋酒造,亀の海　大吟醸美山錦
561,長野県,土屋酒造,亀の海　純米大吟醸
562,長野県,土屋酒造,亀の海　特別純米
563,長野県,土屋酒造,亀の海　本醸造
564,長野県,土屋酒造,亀の海　吟醸本生
565,長野県,土屋酒造,茜さす　純米大吟醸
566,長野県,土屋酒造,茜さす　特別純米
567,長野県,土屋酒造,茜さす　スパークリングドライ
568,長野県,土屋酒造,茜さす　セミスウィート
569,愛知県　清須,清州桜醸造,純米吟醸　清須
570,愛知県　清須,清州桜醸造,「濃姫の里」  隠し吟醸
571,愛知県　清須,清州桜醸造,超特選大吟醸　楽園
572,愛知県　名古屋市,東春酒造,東龍　山廃純米　佐藤東兵衛
573,愛知県　名古屋市,東春酒造,東龍　特別純米酒　龍田屋
574,愛知県　名古屋市,東春酒造,東龍　吟醸　和な
575,愛知県　名古屋市,東春酒造,東龍　純米吟醸
576,愛知県　名古屋市,東春酒造,東龍　純米大吟醸　玲瓏
577,愛知県,鶴見酒造,上撰　神鶴
578,愛知県,鶴見酒造,純一
579,愛知県,鶴見酒造,瑞祥
580,愛知県,鶴見酒造,SUSHI　SAKE
581,愛知県　稲沢,内藤酒造,特別純米　木曽三川　無濾過生原酒
582,愛知県　稲沢,内藤酒造,木曽三川　氷の精
583,愛知県　稲沢,内藤酒造,木曽三川　大吟醸
584,愛知県　稲沢,内藤酒造,純米吟醸　木曽三川　虹のしらべ
585,愛知県　稲沢,内藤酒造,飛猿　大吟醸
586,愛知県　稲沢,内藤酒造,純米大吟醸　　武陵桃源
587,愛知県,中埜酒造,我逢人　純米吟醸
588,愛知県,中埜酒造,国盛　半田郷　純米吟醸
589,愛知県,中埜酒造,国盛　半田郷　純米辛口
590,愛知県,中埜酒造,国盛　吟醸　生貯蔵
591,愛知県,中埜酒造,国盛　純米大吟醸　彩華
592,愛知県,中埜酒造,国盛　本醸造　生貯蔵
593,愛知県,山﨑合資会社,雫原酒　幻々　木箱入
594,愛知県,山﨑合資会社,山田錦雫酒　幻々　箱入
595,愛知県,山﨑合資会社,純米大吟醸　幻々　箱入
596,愛知県,山﨑合資会社,純米吟醸原酒　尊皇　　　　　　　　初しぼり生酒
597,愛知県,山﨑合資会社,純米吟醸原酒　尊皇　袋入
598,愛知県,山﨑合資会社,尊皇　月読みの宴　ひやおろし
599,愛知県,山﨑合資会社,無濾過原酒　年魚市　　　　　　初しぼり生酒　袋入
600,愛知県,山﨑合資会社,無濾過原酒　年魚市　袋入
601,愛知県,山﨑合資会社,三河鳥羽の火祭　生酒　袋入
602,愛知県,山﨑合資会社,三河鳥羽の火祭　袋入
603,愛知県,山﨑合資会社,吟醸　そんのう
604,愛知県,山﨑合資会社,尊皇　辛口純米　活鱗
605,愛知県,山﨑合資会社,尊皇　純米酒
606,愛知県,山﨑合資会社,本醸造　金盃　尊皇
607,愛知県,山﨑合資会社,あじさいの里　三ヶ根山　　　　生貯蔵酒
608,愛知県,山﨑合資会社,尊皇　しぼりたて生酒
609,愛知県,山﨑合資会社,尊皇　活性にごり酒
610,愛知県,山﨑合資会社,尊皇　氷点下貯蔵生酒
611,三重,清水清三郎商店,鈴鹿川　純米
612,三重,清水清三郎商店,鈴鹿川　吟醸
613,三重,清水清三郎商店,鈴鹿川　純米吟醸
614,三重,清水清三郎商店,鈴鹿川　純米大吟醸
615,三重,清水清三郎商店,鈴鹿川　大吟醸
616,三重,清水清三郎商店,鈴鹿川　純米大吟醸　全量山田錦
617,三重,清水清三郎商店,鈴鹿川　純米大吟醸　磨き四割
618,三重,清水清三郎商店,鈴鹿川　ひやおろし
619,三重,清水清三郎商店,イセノハナ　純米吟醸
620,三重,宮崎本店,純米大吟醸宮の雪「酒魂」
621,三重,宮崎本店,宮の雪純米吟醸
622,三重,宮崎本店,宮の雪大吟醸
623,三重,宮崎本店,宮の雪純米酒
624,三重,宮崎本店,宮の雪山廃仕込特別純米酒
625,三重,宮崎本店,極上宮の雪
626,三重,宮崎本店,宮の雪　冷卸
627,三重,宮崎本店,宮の雪　純米しぼりたて原酒
628,三重,宮崎本店,宮の雪 純米にごり酒
629,和歌山県　和歌山,田端酒造,羅生門　龍寿　純米大吟醸
630,和歌山県　和歌山,田端酒造,羅生門　鳳寿　大吟醸
631,和歌山県　和歌山,田端酒造,羅生門　鳳寿　吟醸
632,和歌山県　和歌山,田端酒造,羅生門　純米吟醸
633,和歌山県　和歌山,田端酒造,羅生門　純米
634,和歌山県　和歌山,田端酒造,羅生門　純米　からくち
635,和歌山県　和歌山,田端酒造,羅生門　悠寿　大古酒
636,和歌山県　和歌山,田端酒造,さとこのお酒　純米吟醸
637,和歌山県　和歌山,田端酒造,羅生門　日本酒仕込みの梅酒
638,和歌山県,梅の宿,梅の宿　純米吟醸
639,和歌山県,梅の宿,梅の宿　大吟醸
640,大阪府,大門酒造,DAIMON　Ｕmami　旨味
641,大阪府,大門酒造,DAIMON Crisp　爽快
642,大阪府,大門酒造,DAIMON Clear　清澄
643,大阪府,大門酒造,DAIMON Mellow　芳醇
644,大阪府,大門酒造,DAIMON Mellow Premium Fresh 生酒
645,京都府　伏見,キンシ正宗,キンシ正宗　本醸造　金閣
646,京都府　伏見,キンシ正宗,金鵄正宗　特別純米
647,京都府　伏見,キンシ正宗,金鵄正宗　純米吟醸
648,京都府　伏見,キンシ正宗,純米大吟醸　松屋久兵衛
649,京都府　伏見,キンシ正宗,金鵄正宗　純米大吟醸　祝45
650,京都府　伏見,キンシ正宗,キンシ正宗　特選　金閣
651,京都府,京姫酒造,京姫　純米大吟醸　匠
652,京都府,京姫酒造,京姫　山田錦大吟醸　匠
653,京都府,松本酒造,桃の滴　特別純米
654,京都府,北川本家,富翁 大吟醸純米 吟麗
655,京都府,北川本家,富翁 大吟醸 山田錦
656,京都府,北川本家,富翁 純米吟醸 祇園小町
657,京都府,北川本家,富翁 純米吟醸
658,京都府,北川本家,富翁 純米酒 プルミエアムール
659,京都府,北川本家,富翁 山田錦 純米酒
660,京都府,北川本家,富翁 大吟醸純米 吟の司 
661,京都府,北川本家,富翁 純米吟醸 ひやおろし
662,京都府,北川本家,純米酒 美肌
663,京都府　伏見,山本本家,純米吟醸　唯穂
664,京都府　伏見,山本本家,京伝来　純米大吟醸　さらなり
665,京都府　伏見,山本本家,神聖　たれ口
666,京都府　伏見,山本本家,源べエさんの生貯一番しぼり
667,京都府　伏見,山本本家,神聖　金ラベル　山田錦大吟醸原酒
668,京都府　伏見,山本本家,吟醸　水のしらべ
669,京都府　伏見,山本本家,神聖　全量山田錦　純米大吟醸
670,京都府　伏見,山本本家,上撰　松の翠　純米大吟醸
671,京都府　伏見,山本本家,神聖　山田錦純米大吟醸　氷温囲い
672,京都府　伏見,山本本家,神聖 祝　純米大吟醸
673,京都府　伏見,山本本家,神聖　純米
674,京都府　伏見,山本本家,神聖　特別純米春季限定
675,京都府　伏見,山本本家,源べエさんの生貯一番搾り
676,京都府　伏見,山本本家,源べえさんの原酒
677,京都府　伏見,山本本家,神聖　大吟醸
678,京都府　伏見,山本本家,松の翠　純米大吟醸
679,京都府,月桂冠,ヌーベル純米吟醸
680,京都府,月桂冠,ヌーベル特別本醸造
681,京都府,月桂冠,山田錦　特別純米
682,京都府,月桂冠,上撰　月桂冠
683,京都府,月桂冠,大吟醸
684,京都府,月桂冠,米と水の酒
685,京都府,月桂冠,鳳麟　純米大吟醸
686,京都府,黄桜,華祥風　大吟醸
687,京都府,黄桜,京の滴　純米吟醸
688,京都府,黄桜,金印
689,京都府,黄桜,吟醸生貯蔵
690,京都府,黄桜,祥風
691,京都府,黄桜,きもと山廃　山田錦
692,京都府,黄桜,蔵の詩
693,京都府,東山酒造,閂
694,京都府,宝酒造,松竹梅　白壁蔵　きもと純米
695,京都府,宝酒造,松竹梅　白壁蔵　きもと吟醸
696,京都府,宝酒造,松竹梅　澪
697,京都府,宝酒造,澪DRY
698,京都府,宝酒造,松竹梅 白壁蔵 澪ＧＯＬＤスパークリング
699,京都府,宝酒造,松竹梅 白壁蔵 澪  ＷＨＩＴＥ
700,京都府,宝酒造,上撰松竹梅
701,京都府,宝酒造,松竹梅　超特選　特別純米　金箔入り
702,京都府,宝酒造,松竹梅　山田錦　特別純米
703,京都府,宝酒造,松竹梅　大吟醸
704,京都府,宝酒造,松竹梅　純米大吟醸
705,京都府,宝酒造,松竹梅　樽酒
706,兵庫県,日本盛,魚沼産こしひかり純米
707,兵庫県,日本盛,惣花
708,兵庫県,日本盛,日本盛　大吟醸
709,兵庫県,日本盛,特別純米
710,兵庫県,日本盛,特別本醸造　山田錦
711,兵庫県,小西酒造,KONISHI　吟醸ひやしぼり
712,兵庫県,小西酒造,ＫＯＮＩＳＨＩ　大吟醸ひやしぼり
713,兵庫県,小西酒造,KONISHI　純米酒こくあがり
714,兵庫県,小西酒造,ＫＯＮＩＳＨＩ　蒼瑠璃ＰＡＬＥ　純米大吟醸
715,兵庫県,小西酒造,ＫＯＮＩＳＨＩ　碧冴えの澄みきり純米
716,兵庫県,小西酒造,白雪　純米　赤富士
717,兵庫県,小西酒造,純米大吟醸　大褒寿
718,兵庫県,小西酒造,白雪純米大吟醸必勝の酒勝馬米
719,兵庫県,小西酒造,白雪江戸元禄の酒（復刻酒）原酒
720,兵庫県,小西酒造,白雪　樽酒
721,兵庫県,富久娘酒造,純米　力
722,兵庫県,富久娘酒造,富久娘　にごり酒
723,兵庫県,富久娘酒造,菊源氏　生酒
724,兵庫県,灘浜福鶴,浜福鶴　純米大吟醸
725,兵庫県,灘浜福鶴,浜福鶴　大吟醸　備前雄町
726,兵庫県,沢の鶴,上撰　本醸造
727,兵庫県,沢の鶴,丹頂　純米
728,兵庫県,沢の鶴,丹頂　純米山田錦
729,兵庫県,沢の鶴,実楽　山田錦
730,兵庫県,沢の鶴,山田錦　生貯蔵
731,兵庫県,白鷹,大吟醸白鷹
732,兵庫県,白鷹,極上白鷹　GH-N
733,兵庫県,白鷹,超特撰白鷹　DH-N
734,兵庫県,白鷹,白鷹　吟醸山田錦
735,兵庫県,白鷹,金松白鷹
736,兵庫県,白鷹,白鷹　冷晴
737,兵庫県,白鷹,白鷹　秋あがり
738,兵庫県,白鷹,白鷹　山田錦生原酒
739,兵庫県,白鷹,白鷹　しぼりたて原酒
740,兵庫県,櫻正宗,櫻華一輪　大吟醸
741,兵庫県,櫻正宗,純米吟醸　金稀
742,兵庫県,櫻正宗,櫻正宗　特別純米　宮水の華
743,兵庫県,櫻正宗,櫻正宗　朱稀
744,兵庫県,櫻正宗,櫻正宗　吟醸
745,兵庫県,櫻正宗,焼稀 生一本
746,兵庫県,剣菱,剣菱
747,兵庫県,剣菱,黒松剣菱
748,兵庫県,神戸酒心館,福寿　純米大吟醸　黒ラベル
749,兵庫県,神戸酒心館,福寿　純米大吟醸
750,兵庫県,神戸酒心館,福寿　大吟醸
751,兵庫県,神戸酒心館,福寿　吟醸ROSA
752,兵庫県,神戸酒心館,福寿　純米吟醸
753,兵庫県,神戸酒心館,福寿　超特選純米酒
754,兵庫県,神戸酒心館,福寿　純米酒 「御影郷」
755,兵庫県,神戸酒心館,福寿　純米原酒　コウノトリLabel
756,兵庫県,神戸酒心館,福寿　本醸造「匠」
757,兵庫県,神戸酒心館,福寿　純米発泡酒　「あわ咲き」
758,兵庫県,白鶴,白鶴　大吟醸
759,兵庫県,名城酒造,官兵衛しぼりたて
760,兵庫県,名城酒造,官兵衛　にごり酒
761,兵庫県,名城酒造,純米にごりみかえり兎
762,兵庫県,名城酒造,名城純米酒
763,兵庫県,名城酒造,千姫大吟醸
764,兵庫県,名城酒造,中取り大吟醸
765,兵庫県,名城酒造,名城大吟醸
766,兵庫県,名城酒造,名城涼鈴
767,兵庫県,名城酒造,ひやし銀次
768,兵庫県,名城酒造,まるわらい純米大吟醸
769,兵庫県,名城酒造,純米ひやおろし
770,兵庫県,名城酒造,美山錦100％
771,兵庫県,名城酒造,名城山田錦生貯蔵酒
772,兵庫県,名城酒造,名城純金箔
773,兵庫県,名城酒造,名城山田錦100％
774,兵庫県,名城酒造,新姫路城純米大吟醸
775,兵庫県,名城酒造,から口官兵衛
776,兵庫県,名城酒造,純米姫路城
777,兵庫県,名城酒造,姫路城純米吟醸
778,兵庫県,名城酒造,兵庫男山
779,兵庫県,大関㈱,極上の甘口
780,兵庫県,大関㈱,大関　山田錦
781,兵庫県,大関㈱,大関　大吟醸
782,兵庫県,大関㈱,大坂屋長兵衛
783,兵庫県,大関㈱,十段仕込
784,兵庫県,大関㈱,大関　純米大吟醸
785,兵庫県,大関㈱,長寿
786,兵庫県,大関㈱,大坂屋長兵衛金賞受賞酒
787,兵庫県,大関㈱,純米酒　醴
788,兵庫県,大関㈱,辛丹波
789,兵庫県,大関㈱,辛丹波生貯蔵
790,兵庫県,大関㈱,辛丹波にごり
791,兵庫県,大関㈱,純米酒穂水
792,兵庫県,菊正宗,超特  生もと  純米大吟醸
793,兵庫県,菊正宗,菊正宗 嘉宝蔵 灘の生一本 純米
794,兵庫県,菊正宗,菊正宗 超特撰 生もと 大吟醸
795,兵庫県,菊正宗,上撰  菊正宗  樽酒
796,兵庫県,菊正宗,菊正宗 上撰 本醸造
797,岡山県,宮下酒造,大吟醸極聖 昔搾り斗瓶どり
798,岡山県,宮下酒造,極聖 大吟醸山田錦 
799,岡山県,宮下酒造,極聖 大吟醸雄町米 
800,岡山県,宮下酒造,極聖 純米大吟醸 高島雄町 斗瓶囲い
801,岡山県,宮下酒造,極聖 純米大吟醸 高島雄町 
802,岡山県,宮下酒造,極聖 吟醸 雄町米 
803,岡山県,宮下酒造,極聖 純米吟醸 高島雄町
804,岡山県,宮下酒造,極聖 おかやま 雄町米 純米吟醸
805,岡山県,宮下酒造,極聖 純米吟醸
806,岡山県,宮下酒造,極聖 特別純米 五百万石
807,岡山県,宮下酒造,極聖 特別純米 高島雄町
808,岡山県,宮下酒造,極聖 特別純米 山田錦
809,岡山県,宮下酒造,極聖 純米 一番滴
810,岡山県,宮下酒造,極聖　荒走り吟醸原酒
811,岡山県,宮下酒造,極聖　にごり原酒
812,岡山県,宮下酒造,極聖　ひやおろし吟醸原酒
813,岡山県,宮下酒造,極聖　純米大吟醸「天下至聖」雄町米2割磨き
814,岡山県,丸本酒造,かもみどり　純米酒
815,岡山県,丸本酒造,かもみどり　熟成純米
816,岡山県,丸本酒造,かもみどり　純米大吟醸
817,岡山県,丸本酒造,かもみどり　大吟醸
818,岡山県,丸本酒造,かもみどり　純米吟醸　雄町（生貯蔵）
819,岡山県,丸本酒造,農産酒蔵　オーガニック
820,岡山県,嘉美心酒造,嘉美心_純米大吟醸
821,岡山県,嘉美心酒造,嘉美心_大吟醸
822,岡山県,嘉美心酒造,嘉美心_備中流純米大吟醸 
823,岡山県,嘉美心酒造,嘉美心_備中流大吟醸
824,岡山県,嘉美心酒造,雄町純米吟醸
825,岡山県,嘉美心酒造,嘉美心_備中流純米吟醸酒
826,岡山県,嘉美心酒造,嘉美心_備中流純米酒
827,岡山県,嘉美心酒造,嘉美心_秘宝
828,岡山県,嘉美心酒造,嘉美心_清流
829,岡山県,嘉美心酒造,嘉美心_木陰の魚
830,岡山県,嘉美心酒造,嘉美心　しゅわしゅわ
831,広島県,賀茂鶴酒造,大吟醸　天凛
832,広島県,賀茂鶴酒造,大吟醸　吉祥賀茂鶴
833,広島県,賀茂鶴酒造,大吟醸　双鶴
834,広島県,賀茂鶴酒造,大吟醸　ゴールド賀茂鶴
835,広島県,賀茂鶴酒造,吟醸　辛口
836,広島県,賀茂鶴酒造,特別本醸造 超特撰特等酒
837,広島県,賀茂鶴酒造,本醸造 上等酒
838,広島県,賀茂鶴酒造,本醸造 からくち
839,広島県,賀茂鶴酒造,純米大吟醸酒　大吟峰
840,広島県,賀茂鶴酒造,純米吟醸
841,広島県,賀茂鶴酒造,純米吟醸　一滴入魂
842,広島県,賀茂鶴酒造,純米吟醸　厳島
843,広島県,賀茂鶴酒造,純米
844,広島県,賀茂鶴酒造,生囲い純米
845,広島県,賀茂鶴酒造,樽酒
846,広島県,千福,もみじ吟醸
847,広島県,千福,永寿
848,広島県,千福,王者
849,広島県,千福,吟醸　宮島絵巻
850,広島県,千福,吟醸スペシャル
851,広島県,千福,純米原酒ごくり
852,広島県,千福,純米酒
853,広島県,千福,神力　生もと純米無濾過原酒
854,広島県,千福,生貯蔵
855,広島県,千福,大和ミュージアム
856,広島県,千福,鉄のくじら
857,広島県,千福,八反錦
858,広島県,千福,浮玉
859,広島県,千福,本醸造辛口
860,広島県,千福,味わいの純米吟醸
861,広島県,千福,蔵
862,広島県,千福,蔵香り
863,広島県,福美人酒造,福美人　純米
864,広島県,酔心山根本店,酔心　橅のしずく　白ラベル
865,広島県,酔心山根本店,究極の酔心大吟醸
866,広島県,酔心山根本店,酔心　稲穂　純米吟醸
867,広島県,酔心山根本店,酔心純米酒　蔵出し　秋あがり
868,広島県,酔心山根本店,酔心　大観の酒　純米しぼりたて
869,広島県,酔心山根本店,酔心　軟水の辛口　純米酒
870,島根県,奥出雲酒造,奥出雲　純米
871,島根県,奥出雲酒造,奥出雲　純米大吟醸
872,島根県,奥出雲酒造,仁多米　純米
873,山口県　岩国市,旭酒造,獺祭　純米大吟醸　50
874,山口県　岩国市,旭酒造,獺祭　純米大吟醸　磨き三割九分
875,山口県　岩国市,旭酒造,獺祭　純米大吟醸　磨き二割三分
876,山口県　岩国市,旭酒造,獺祭　純米大吟醸　磨き三割九分　遠心分離
877,山口県　岩国市,旭酒造,獺祭　発泡にごり酒スパークリング50
878,山口県,金光酒造,山頭火　純米吟醸西都の雫 月のふくろう
879,山口県,金光酒造,山頭火無濾過純米吟醸原酒
880,山口県,金光酒造,純米吟醸　山頭火
881,山口県,金光酒造,純米吟醸山頭火中原中也(月夜の浜辺)
882,山口県,金光酒造,特別本醸造山頭火
883,山口県,永山酒造,山猿　純米吟醸無濾過生原酒
884,山口県,永山酒造,山猿　純米
885,愛媛県,八木酒造部,山丹正宗　純米大吟醸　秘蔵酒
886,愛媛県,八木酒造部,山丹正宗　純米大吟醸　山田錦
887,愛媛県,八木酒造部,山丹正宗　純米大吟醸　松山三井
888,愛媛県,八木酒造部,山丹正宗　大吟醸酒
889,愛媛県,八木酒造部,山丹正宗　しずく媛　純米吟醸
890,愛媛県,八木酒造部,山丹正宗　吟醸酒
891,愛媛県,八木酒造部,山丹正宗　風鈴
892,愛媛県,八木酒造部,山丹正宗　特別純米酒
893,愛媛県,八木酒造部,山丹正宗　天然酒
894,愛媛県,八木酒造部,山丹正宗　短稈渡船
895,愛媛県,八木酒造部,山丹正宗　本醸造酒　しまなみ
896,愛媛県,梅錦山川,梅錦　大吟醸辛口
897,愛媛県,栄光酒造,ささおり
898,愛媛県,栄光酒造,松山三井
899,愛媛県,栄光酒造,松山三井無濾過生
900,愛媛県,栄光酒造,松山三井　黒
901,愛媛県,栄光酒造,夢月夜
902,愛媛県,栄光酒造,辛口純米六十八「辛」
903,愛媛県,栄光酒造,辛口純米八拾無濾過生
904,愛媛県,栄光酒造,純米にごり酒「雪のマドンナ」
905,愛媛県,栄光酒造,にごり蔵酒
906,香川県,川鶴酒造,川鶴特別純米雄町60
907,徳島県,本家松浦酒造場,鳴門鯛吟醸しぼりたて生原酒
908,徳島県,本家松浦酒造場,鳴門鯛純米吟醸原酒
909,徳島県,本家松浦酒造場,ナルトタイ純米原酒水ト米
910,徳島県,本家松浦酒造場,鳴門鯛　純米大吟醸
911,徳島県,本家松浦酒造場,鳴門鯛　大吟醸
912,徳島県,本家松浦酒造場,鳴門鯛　吟醸飛切
913,徳島県,三芳菊酒造,WildSide
914,徳島県,三芳菊酒造,特別純米　胡春
915,高知県,司牡丹,司牡丹 純米 船中八策
916,高知県,濱川酒造,慎太郎　純米
917,高知県,酔鯨酒造,純米吟醸吟麗
918,高知県,酔鯨酒造,純米大吟醸　吟の冴
919,高知県,酔鯨酒造,純米吟の夢
920,高知県,酔鯨酒造,熟成梅酒
921,高知県,酔鯨酒造,純米八反錦
922,高知県,酔鯨酒造,純米吟醸　備前雄町
923,高知県,酔鯨酒造,純米吟醸吟麗しぼりたて
924,高知県,酔鯨酒造,純米吟醸吟麗未濾過すっぴん
925,高知県,酔鯨酒造,特別純米酒
926,大分県,老松酒造,大吟醸山水
927,大分県,老松酒造,特別純米山水
928,大分県,老松酒造,純米吟醸１５°山水
929,大分県,老松酒造,純米大吟醸山水
930,熊本県,瑞鷹,夏吟醸夏酒
931,熊本県,瑞鷹,吟醸酒　吉祥瑞鷹
932,熊本県,瑞鷹,菜々
933,熊本県,瑞鷹,純米にごり酒
934,熊本県,瑞鷹,純米大吟醸　金
935,熊本県,瑞鷹,純米大吟醸　銀
936,熊本県,瑞鷹,大吟醸　雫取り
937,熊本県,瑞鷹,大吟醸　槽搾り
938,熊本県,美少年酒造,美少年  剣門  純米吟醸
939,佐賀県,光武酒造場,手造り純米酒　光武
940,佐賀県,光武酒造場,純米吟醸　光武
941,佐賀県,光武酒造場,純米酒　Shall We Dance!!
942,佐賀県,光武酒造場,純米大吟醸　光武
943,佐賀県,光武酒造場,大吟醸　光武
944,佐賀県,光武酒造場,特別本醸造辛口金波
945,佐賀県,光武酒造場,特別本醸造無濾過雫しぼり
946,佐賀県,光武酒造場,無濾過原酒純米吟醸原酒　光武
947,佐賀県,天山酒造,大吟醸　飛天山
948,佐賀県,天山酒造,天山　大吟醸
949,佐賀県,天山酒造,地酒　天山
950,佐賀県,天山酒造,天山　純米吟醸　赤ラベル
951,佐賀県,天山酒造,蛍川
952,佐賀県,天山酒造,特別純米酒　純天山
953,佐賀県,天山酒造,超辛口　天山
